H,V,C,R,G,B
10RP,1,2,3,1,3
10RP,1,4,4,1,3
10RP,1,6,5,1,3
10RP,1,8,6,0,3
10RP,1,10,8,0,4
10RP,1,12,9,0,4
2.5R,1,2,3,1,2
2.5R,1,4,4,1,2
2.5R,1,6,5,1,3
2.5R,1,8,7,0,3
2.5R,1,10,8,0,3
5R,1,2,3,1,2
5R,1,4,4,1,2
5R,1,6,6,1,2
5R,1,8,7,0,2
5R,1,10,8,0,2
7.5R,1,2,3,1,2
7.5R,1,4,4,1,2
7.5R,1,6,6,1,2
7.5R,1,8,7,0,2
7.5R,1,10,9,0,2
10R,1,2,3,1,2
10R,1,4,5,1,2
10R,1,6,6,1,2
10R,1,8,7,0,1
10R,1,10,9,0,1
2.5YR,1,2,3,1,2
2.5YR,1,4,5,1,1
2.5YR,1,6,6,1,1
2.5YR,1,8,7,0,1
5YR,1,2,3,1,2
5YR,1,4,4,1,1
7.5YR,1,2,3,1,1
10YR,1,2,3,1,1
2.5Y,1,2,3,2,1
5Y,1,2,2,2,1
7.5Y,1,2,2,2,1
10Y,1,2,2,2,1
2.5GY,1,2,2,2,2
5GY,1,2,2,2,2
5GY,1,4,1,2,1
7.5GY,1,2,1,2,2
7.5GY,1,4,1,2,1
10GY,1,2,1,2,2
10GY,1,4,1,2,1
10GY,1,6,0,2,1
2.5G,1,2,1,2,2
2.5G,1,4,0,2,2
2.5G,1,6,0,2,1
2.5G,1,8,0,3,1
5G,1,2,1,2,2
5G,1,4,0,2,2
5G,1,6,0,2,2
7.5G,1,2,1,2,2
7.5G,1,4,0,2,2
7.5G,1,6,0,2,2
10G,1,2,1,2,2
10G,1,4,0,2,2
10G,1,6,0,2,2
2.5BG,1,2,1,2,2
2.5BG,1,4,0,2,3
2.5BG,1,6,0,2,3
2.5BG,1,8,0,3,3
5BG,1,2,1,2,3
5BG,1,4,0,2,3
5BG,1,6,0,2,3
7.5BG,1,2,1,2,3
7.5BG,1,4,0,2,3
7.5BG,1,6,0,2,4
10BG,1,2,1,2,3
10BG,1,4,0,2,4
10BG,1,6,0,2,5
2.5B,1,2,1,2,3
2.5B,1,4,0,2,4
2.5B,1,6,0,2,5
5B,1,2,1,2,3
5B,1,4,0,2,4
5B,1,6,0,2,6
7.5B,1,2,1,2,3
7.5B,1,4,0,2,5
7.5B,1,6,0,2,6
7.5B,1,8,0,2,9
10B,1,2,1,2,3
10B,1,4,0,2,5
10B,1,6,0,2,7
10B,1,8,0,2,9
2.5PB,1,2,1,2,4
2.5PB,1,4,1,2,5
2.5PB,1,6,0,2,7
2.5PB,1,8,0,2,9
5PB,1,2,1,2,4
5PB,1,4,1,2,5
5PB,1,6,0,2,7
5PB,1,8,0,2,9
5PB,1,10,0,1,12
7.5PB,1,2,2,2,4
7.5PB,1,4,1,1,5
7.5PB,1,6,1,1,7
7.5PB,1,8,1,1,9
7.5PB,1,10,1,1,11
7.5PB,1,12,2,1,13
7.5PB,1,14,2,0,15
7.5PB,1,16,2,0,18
7.5PB,1,18,3,0,20
7.5PB,1,20,3,0,23
7.5PB,1,22,3,0,26
7.5PB,1,24,4,0,30
7.5PB,1,26,4,0,34
7.5PB,1,28,5,0,39
7.5PB,1,30,6,0,45
7.5PB,1,32,7,0,53
7.5PB,1,34,8,0,59
7.5PB,1,36,9,0,67
7.5PB,1,38,10,0,76
10PB,1,2,2,2,4
10PB,1,4,2,1,5
10PB,1,6,2,1,6
10PB,1,8,2,1,8
10PB,1,10,3,1,9
10PB,1,12,3,0,11
10PB,1,14,4,0,13
10PB,1,16,4,0,16
10PB,1,18,5,0,18
10PB,1,20,5,0,21
10PB,1,22,6,0,23
10PB,1,24,7,0,27
10PB,1,26,8,0,31
10PB,1,28,9,0,37
10PB,1,30,10,0,43
2.5P,1,2,2,1,4
2.5P,1,4,2,1,5
2.5P,1,6,3,1,6
2.5P,1,8,3,1,7
2.5P,1,10,4,0,8
2.5P,1,12,4,0,10
2.5P,1,14,5,0,12
2.5P,1,16,6,0,14
2.5P,1,18,6,0,16
2.5P,1,20,7,0,18
2.5P,1,22,8,0,21
2.5P,1,24,9,0,24
2.5P,1,26,11,0,28
5P,1,2,2,1,3
5P,1,4,3,1,4
5P,1,6,3,1,5
5P,1,8,4,1,6
5P,1,10,4,0,8
5P,1,12,5,0,9
5P,1,14,6,0,11
5P,1,16,7,0,12
5P,1,18,8,0,14
5P,1,20,9,0,16
5P,1,22,10,0,18
7.5P,1,2,2,1,3
7.5P,1,4,3,1,4
7.5P,1,6,4,1,5
7.5P,1,8,4,1,6
7.5P,1,10,5,0,7
7.5P,1,12,6,0,8
7.5P,1,14,7,0,10
7.5P,1,16,8,0,11
7.5P,1,18,9,0,13
7.5P,1,20,10,0,14
10P,1,2,3,1,3
10P,1,4,3,1,4
10P,1,6,4,1,5
10P,1,8,5,0,6
10P,1,10,5,0,7
10P,1,12,6,0,8
10P,1,14,8,0,9
10P,1,16,9,0,10
10P,1,18,10,0,12
2.5RP,1,2,3,1,3
2.5RP,1,4,3,1,4
2.5RP,1,6,4,1,4
2.5RP,1,8,5,0,5
2.5RP,1,10,6,0,6
2.5RP,1,12,7,0,7
2.5RP,1,14,8,0,8
2.5RP,1,16,9,0,9
5RP,1,2,3,1,3
5RP,1,4,4,1,3
5RP,1,6,5,1,4
5RP,1,8,6,0,4
5RP,1,10,7,0,5
5RP,1,12,8,0,6
5RP,1,14,9,0,7
7.5RP,1,2,3,1,3
7.5RP,1,4,4,1,3
7.5RP,1,6,5,1,3
7.5RP,1,8,6,0,4
7.5RP,1,10,7,0,4
7.5RP,1,12,9,0,5
10RP,2,2,6,3,5
10RP,2,4,8,2,5
10RP,2,6,10,2,6
10RP,2,8,12,1,6
10RP,2,10,15,0,6
10RP,2,12,18,0,6
10RP,2,14,21,0,7
2.5R,2,2,6,3,5
2.5R,2,4,8,2,5
2.5R,2,6,10,2,5
2.5R,2,8,13,1,5
2.5R,2,10,15,0,5
2.5R,2,12,19,0,5
2.5R,2,14,22,0,5
5R,2,2,6,3,5
5R,2,4,8,2,4
5R,2,6,10,2,4
5R,2,8,13,1,4
5R,2,10,16,0,4
5R,2,12,19,0,4
5R,2,14,23,0,4
7.5R,2,2,6,3,5
7.5R,2,4,8,2,4
7.5R,2,6,11,2,4
7.5R,2,8,13,1,3
7.5R,2,10,16,0,3
7.5R,2,12,19,0,3
7.5R,2,14,23,0,3
10R,2,2,6,3,4
10R,2,4,8,2,4
10R,2,6,10,2,3
10R,2,8,13,1,2
10R,2,10,16,0,2
10R,2,12,19,0,2
10R,2,14,22,0,2
2.5YR,2,2,6,3,4
2.5YR,2,4,8,2,3
2.5YR,2,6,10,2,2
2.5YR,2,8,12,1,2
5YR,2,2,6,3,4
5YR,2,4,8,3,3
5YR,2,6,9,2,2
7.5YR,2,2,6,3,4
7.5YR,2,4,7,3,2
7.5YR,2,6,9,2,2
10YR,2,2,5,3,4
10YR,2,4,7,3,2
2.5Y,2,2,5,3,3
2.5Y,2,4,6,3,2
5Y,2,2,5,3,3
5Y,2,4,5,3,2
7.5Y,2,2,4,4,3
7.5Y,2,4,5,4,2
10Y,2,2,4,4,4
10Y,2,4,4,4,2
2.5GY,2,2,4,4,4
2.5GY,2,4,4,4,2
5GY,2,2,3,4,4
5GY,2,4,3,4,3
5GY,2,6,2,4,1
7.5GY,2,2,3,4,4
7.5GY,2,4,2,4,3
7.5GY,2,6,1,5,2
7.5GY,2,8,1,5,1
10GY,2,2,3,4,4
10GY,2,4,2,4,3
10GY,2,6,1,5,3
10GY,2,8,0,5,2
10GY,2,10,0,5,2
10GY,2,12,0,6,1
2.5G,2,2,3,4,5
2.5G,2,4,1,4,4
2.5G,2,6,0,5,3
2.5G,2,8,0,5,3
2.5G,2,10,0,5,3
2.5G,2,12,0,6,2
2.5G,2,14,0,6,2
2.5G,2,16,0,6,2
5G,2,2,3,4,5
5G,2,4,1,4,4
5G,2,6,0,5,4
5G,2,8,0,5,4
5G,2,10,0,6,3
5G,2,12,0,6,3
5G,2,14,0,6,3
5G,2,16,0,6,3
7.5G,2,2,3,4,5
7.5G,2,4,1,4,5
7.5G,2,6,0,5,4
7.5G,2,8,0,5,4
7.5G,2,10,0,6,4
7.5G,2,12,0,6,4
7.5G,2,14,0,6,4
7.5G,2,16,0,6,4
10G,2,2,2,4,5
10G,2,4,1,4,5
10G,2,6,0,5,5
10G,2,8,0,5,5
10G,2,10,0,6,5
10G,2,12,0,6,5
10G,2,14,0,6,5
10G,2,16,0,6,5
2.5BG,2,2,2,4,5
2.5BG,2,4,1,4,5
2.5BG,2,6,0,5,6
2.5BG,2,8,0,5,6
2.5BG,2,10,0,6,6
2.5BG,2,12,0,6,6
2.5BG,2,14,0,6,7
5BG,2,2,2,4,6
5BG,2,4,1,4,6
5BG,2,6,0,5,7
5BG,2,8,0,5,7
5BG,2,10,0,6,8
5BG,2,12,0,6,8
7.5BG,2,2,2,4,6
7.5BG,2,4,1,4,7
7.5BG,2,6,0,5,8
7.5BG,2,8,0,5,8
7.5BG,2,10,0,6,9
7.5BG,2,12,0,6,10
10BG,2,2,2,4,6
10BG,2,4,0,4,7
10BG,2,6,0,5,9
10BG,2,8,0,5,10
10BG,2,10,0,5,12
2.5B,2,2,2,4,6
2.5B,2,4,0,4,8
2.5B,2,6,0,5,10
2.5B,2,8,0,5,12
2.5B,2,10,0,5,14
5B,2,2,2,4,7
5B,2,4,1,4,8
5B,2,6,0,4,11
5B,2,8,0,5,14
5B,2,10,0,5,17
7.5B,2,2,2,4,7
7.5B,2,4,1,4,9
7.5B,2,6,0,4,12
7.5B,2,8,0,5,15
7.5B,2,10,0,5,19
10B,2,2,3,4,7
10B,2,4,1,4,9
10B,2,6,0,4,12
10B,2,8,0,4,16
10B,2,10,0,4,20
2.5PB,2,2,3,4,7
2.5PB,2,4,2,4,10
2.5PB,2,6,0,4,13
2.5PB,2,8,0,4,16
2.5PB,2,10,0,4,20
2.5PB,2,12,0,4,25
5PB,2,2,3,4,7
5PB,2,4,2,4,10
5PB,2,6,1,4,13
5PB,2,8,0,4,16
5PB,2,10,0,3,21
5PB,2,12,0,3,25
5PB,2,14,0,3,31
7.5PB,2,2,3,3,7
7.5PB,2,4,3,3,10
7.5PB,2,6,3,3,12
7.5PB,2,8,3,3,16
7.5PB,2,10,2,3,19
7.5PB,2,12,2,2,23
7.5PB,2,14,2,2,27
7.5PB,2,16,3,1,31
7.5PB,2,18,3,1,35
7.5PB,2,20,3,0,40
7.5PB,2,22,4,0,45
7.5PB,2,24,4,0,50
7.5PB,2,26,5,0,54
7.5PB,2,28,5,0,60
7.5PB,2,30,6,0,66
7.5PB,2,32,7,0,73
7.5PB,2,34,7,0,80
7.5PB,2,36,8,0,88
7.5PB,2,38,9,0,98
10PB,2,2,4,3,7
10PB,2,4,4,3,9
10PB,2,6,4,3,12
10PB,2,8,4,2,15
10PB,2,10,5,2,18
10PB,2,12,5,2,20
10PB,2,14,6,1,24
10PB,2,16,6,1,27
10PB,2,18,7,0,31
10PB,2,20,8,0,35
10PB,2,22,9,0,40
10PB,2,24,10,0,44
10PB,2,26,11,0,50
10PB,2,28,12,0,55
10PB,2,30,14,0,62
10PB,2,32,15,0,69
10PB,2,34,17,0,77
2.5P,2,2,4,3,7
2.5P,2,4,5,3,9
2.5P,2,6,5,3,11
2.5P,2,8,6,2,13
2.5P,2,10,7,2,16
2.5P,2,12,8,1,18
2.5P,2,14,9,1,21
2.5P,2,16,10,0,24
2.5P,2,18,11,0,27
2.5P,2,20,12,0,31
2.5P,2,22,13,0,35
2.5P,2,24,15,0,40
2.5P,2,26,17,0,45
2.5P,2,28,19,0,51
2.5P,2,30,22,0,58
5P,2,2,5,3,7
5P,2,4,5,3,8
5P,2,6,6,2,10
5P,2,8,7,2,12
5P,2,10,8,1,14
5P,2,12,9,1,16
5P,2,14,11,0,19
5P,2,16,12,0,22
5P,2,18,13,0,24
5P,2,20,15,0,28
5P,2,22,17,0,31
5P,2,24,19,0,35
5P,2,26,22,0,40
5P,2,28,25,0,46
7.5P,2,2,5,3,7
7.5P,2,4,6,3,8
7.5P,2,6,7,2,9
7.5P,2,8,8,2,11
7.5P,2,10,10,1,13
7.5P,2,12,11,0,15
7.5P,2,14,12,0,17
7.5P,2,16,14,0,19
7.5P,2,18,16,0,22
7.5P,2,20,18,0,24
7.5P,2,22,20,0,28
7.5P,2,24,22,0,31
10P,2,2,5,3,6
10P,2,4,6,3,7
10P,2,6,8,2,9
10P,2,8,9,1,10
10P,2,10,11,1,12
10P,2,12,12,0,13
10P,2,14,14,0,15
10P,2,16,16,0,17
10P,2,18,18,0,19
10P,2,20,20,0,22
10P,2,22,23,0,24
2.5RP,2,2,6,3,6
2.5RP,2,4,7,2,7
2.5RP,2,6,8,2,8
2.5RP,2,8,10,1,9
2.5RP,2,10,12,1,10
2.5RP,2,12,14,0,11
2.5RP,2,14,16,0,13
2.5RP,2,16,19,0,14
2.5RP,2,18,21,0,16
2.5RP,2,20,24,0,17
5RP,2,2,6,3,6
5RP,2,4,7,2,6
5RP,2,6,9,2,7
5RP,2,8,11,1,8
5RP,2,10,13,0,8
5RP,2,12,15,0,9
5RP,2,14,18,0,10
5RP,2,16,21,0,11
5RP,2,18,23,0,12
7.5RP,2,2,6,3,6
7.5RP,2,4,8,2,6
7.5RP,2,6,9,2,6
7.5RP,2,8,12,1,7
7.5RP,2,10,14,0,7
7.5RP,2,12,17,0,8
7.5RP,2,14,19,0,9
7.5RP,2,16,22,0,9
10RP,3,2,11,6,10
10RP,3,4,15,5,10
10RP,3,6,18,4,9
10RP,3,8,22,3,9
10RP,3,10,27,1,9
10RP,3,12,31,0,9
10RP,3,14,36,0,9
10RP,3,16,41,0,9
2.5R,3,2,11,6,10
2.5R,3,4,15,5,9
2.5R,3,6,19,4,8
2.5R,3,8,23,3,8
2.5R,3,10,27,1,7
2.5R,3,12,32,0,7
2.5R,3,14,36,0,7
2.5R,3,16,41,0,7
5R,3,2,11,6,9
5R,3,4,15,5,8
5R,3,6,19,4,7
5R,3,8,23,3,6
5R,3,10,27,1,6
5R,3,12,32,0,5
5R,3,14,36,0,5
5R,3,16,41,0,5
7.5R,3,2,11,6,9
7.5R,3,4,15,5,7
7.5R,3,6,19,4,6
7.5R,3,8,23,3,5
7.5R,3,10,27,2,5
7.5R,3,12,31,0,4
7.5R,3,14,36,0,4
7.5R,3,16,40,0,3
10R,3,2,11,6,8
10R,3,4,15,5,7
10R,3,6,19,4,6
10R,3,8,22,3,5
10R,3,10,26,2,4
10R,3,12,30,1,3
10R,3,14,34,0,3
2.5YR,3,2,11,6,8
2.5YR,3,4,15,5,6
2.5YR,3,6,18,4,5
2.5YR,3,8,21,4,4
2.5YR,3,10,23,3,3
5YR,3,2,11,6,8
5YR,3,4,14,5,6
5YR,3,6,16,5,4
5YR,3,8,19,4,3
7.5YR,3,2,11,6,7
7.5YR,3,4,13,6,5
7.5YR,3,6,15,5,4
7.5YR,3,8,17,5,3
10YR,3,2,10,6,7
10YR,3,4,12,6,5
10YR,3,6,14,6,4
10YR,3,8,15,5,2
2.5Y,3,2,9,7,7
2.5Y,3,4,11,6,5
2.5Y,3,6,12,6,3
5Y,3,2,9,7,7
5Y,3,4,10,7,5
5Y,3,6,11,7,3
7.5Y,3,2,8,7,7
7.5Y,3,4,9,7,5
7.5Y,3,6,10,7,3
10Y,3,2,8,7,7
10Y,3,4,8,7,5
10Y,3,6,8,7,3
2.5GY,3,2,7,7,7
2.5GY,3,4,7,8,5
2.5GY,3,6,7,8,3
5GY,3,2,7,7,8
5GY,3,4,6,8,5
5GY,3,6,5,8,4
5GY,3,8,5,9,2
7.5GY,3,2,6,7,8
7.5GY,3,4,5,8,6
7.5GY,3,6,4,9,4
7.5GY,3,8,2,9,3
7.5GY,3,10,1,10,2
10GY,3,2,6,8,9
10GY,3,4,4,8,7
10GY,3,6,2,9,5
10GY,3,8,1,9,4
10GY,3,10,0,10,3
10GY,3,12,0,10,3
10GY,3,14,0,11,2
2.5G,3,2,5,8,9
2.5G,3,4,3,8,8
2.5G,3,6,1,9,7
2.5G,3,8,0,10,6
2.5G,3,10,0,10,5
2.5G,3,12,0,11,5
2.5G,3,14,0,11,5
2.5G,3,16,0,12,4
2.5G,3,18,0,12,4
2.5G,3,20,0,12,4
2.5G,3,22,0,13,4
5G,3,2,5,8,9
5G,3,4,3,8,9
5G,3,6,0,9,8
5G,3,8,0,10,7
5G,3,10,0,10,7
5G,3,12,0,11,7
5G,3,14,0,11,6
5G,3,16,0,12,6
5G,3,18,0,12,6
5G,3,20,0,12,6
5G,3,22,0,13,6
7.5G,3,2,5,8,10
7.5G,3,4,2,9,9
7.5G,3,6,0,9,9
7.5G,3,8,0,10,8
7.5G,3,10,0,10,8
7.5G,3,12,0,11,8
7.5G,3,14,0,11,8
7.5G,3,16,0,12,8
7.5G,3,18,0,12,8
7.5G,3,20,0,12,8
7.5G,3,22,0,13,8
10G,3,2,5,8,10
10G,3,4,2,9,10
10G,3,6,0,9,10
10G,3,8,0,10,10
10G,3,10,0,10,10
10G,3,12,0,11,10
10G,3,14,0,11,10
10G,3,16,0,12,10
10G,3,18,0,12,10
10G,3,20,0,12,10
10G,3,22,0,13,10
2.5BG,3,2,5,8,10
2.5BG,3,4,2,9,11
2.5BG,3,6,0,9,11
2.5BG,3,8,0,10,11
2.5BG,3,10,0,10,11
2.5BG,3,12,0,11,12
2.5BG,3,14,0,11,12
2.5BG,3,16,0,12,12
2.5BG,3,18,0,12,13
2.5BG,3,20,0,12,13
5BG,3,2,5,8,11
5BG,3,4,1,9,12
5BG,3,6,0,9,12
5BG,3,8,0,10,13
5BG,3,10,0,10,14
5BG,3,12,0,11,15
5BG,3,14,0,11,16
5BG,3,16,0,12,17
5BG,3,18,0,12,17
7.5BG,3,2,4,8,11
7.5BG,3,4,1,8,13
7.5BG,3,6,0,9,14
7.5BG,3,8,0,10,15
7.5BG,3,10,0,10,17
7.5BG,3,12,0,11,18
7.5BG,3,14,0,11,19
7.5BG,3,16,0,12,20
10BG,3,2,4,8,12
10BG,3,4,1,8,14
10BG,3,6,0,9,16
10BG,3,8,0,10,18
10BG,3,10,0,10,20
10BG,3,12,0,11,22
10BG,3,14,0,11,25
2.5B,3,2,4,8,12
2.5B,3,4,1,8,15
2.5B,3,6,0,9,18
2.5B,3,8,0,9,20
2.5B,3,10,0,10,24
2.5B,3,12,0,11,27
5B,3,2,4,8,13
5B,3,4,2,8,16
5B,3,6,0,9,19
5B,3,8,0,9,23
5B,3,10,0,10,27
5B,3,12,0,10,32
7.5B,3,2,5,7,13
7.5B,3,4,2,8,17
7.5B,3,6,0,8,20
7.5B,3,8,0,9,25
7.5B,3,10,0,9,29
7.5B,3,12,0,9,35
10B,3,2,5,7,13
10B,3,4,3,8,17
10B,3,6,0,8,21
10B,3,8,0,8,26
10B,3,10,0,8,31
10B,3,12,0,9,37
10B,3,14,0,9,43
2.5PB,3,2,6,7,14
2.5PB,3,4,4,7,17
2.5PB,3,6,2,7,22
2.5PB,3,8,0,8,26
2.5PB,3,10,0,8,32
2.5PB,3,12,0,8,38
2.5PB,3,14,0,8,45
5PB,3,2,6,7,14
5PB,3,4,5,7,18
5PB,3,6,3,7,22
5PB,3,8,2,7,26
5PB,3,10,0,7,32
5PB,3,12,0,7,38
5PB,3,14,0,7,46
5PB,3,16,0,7,54
5PB,3,18,0,6,63
7.5PB,3,2,7,7,14
7.5PB,3,4,6,6,18
7.5PB,3,6,6,6,22
7.5PB,3,8,5,6,26
7.5PB,3,10,4,6,31
7.5PB,3,12,4,5,37
7.5PB,3,14,4,5,43
7.5PB,3,16,4,4,50
7.5PB,3,18,4,3,56
7.5PB,3,20,4,3,62
7.5PB,3,22,4,2,69
7.5PB,3,24,5,1,77
7.5PB,3,26,5,0,84
7.5PB,3,28,6,0,91
7.5PB,3,30,6,0,100
7.5PB,3,32,7,0,110
7.5PB,3,34,8,0,117
10PB,3,2,8,6,14
10PB,3,4,8,6,17
10PB,3,6,8,6,21
10PB,3,8,8,5,25
10PB,3,10,8,5,30
10PB,3,12,9,4,34
10PB,3,14,10,3,39
10PB,3,16,10,3,45
10PB,3,18,11,2,50
10PB,3,20,12,1,55
10PB,3,22,13,0,61
10PB,3,24,14,0,68
10PB,3,26,15,0,75
10PB,3,28,17,0,82
10PB,3,30,18,0,89
10PB,3,32,20,0,99
10PB,3,34,22,0,108
2.5P,3,2,8,6,14
2.5P,3,4,9,6,17
2.5P,3,6,10,5,20
2.5P,3,8,11,5,23
2.5P,3,10,12,4,27
2.5P,3,12,13,3,31
2.5P,3,14,14,2,35
2.5P,3,16,16,1,40
2.5P,3,18,17,1,44
2.5P,3,20,19,0,49
2.5P,3,22,20,0,54
2.5P,3,24,22,0,60
2.5P,3,26,24,0,66
2.5P,3,28,27,0,73
2.5P,3,30,29,0,80
2.5P,3,32,32,0,88
2.5P,3,34,34,0,96
5P,3,2,9,6,13
5P,3,4,10,6,16
5P,3,6,11,5,19
5P,3,8,13,4,22
5P,3,10,14,3,25
5P,3,12,16,3,28
5P,3,14,18,2,32
5P,3,16,20,1,36
5P,3,18,22,0,39
5P,3,20,23,0,43
5P,3,22,26,0,48
5P,3,24,29,0,54
5P,3,26,31,0,59
5P,3,28,34,0,65
5P,3,30,38,0,71
5P,3,32,41,0,78
7.5P,3,2,9,6,13
7.5P,3,4,11,5,15
7.5P,3,6,13,5,17
7.5P,3,8,15,4,20
7.5P,3,10,17,3,22
7.5P,3,12,19,2,26
7.5P,3,14,21,1,29
7.5P,3,16,23,0,32
7.5P,3,18,26,0,35
7.5P,3,20,28,0,38
7.5P,3,22,31,0,42
7.5P,3,24,35,0,47
7.5P,3,26,38,0,51
7.5P,3,28,42,0,57
7.5P,3,30,46,0,62
10P,3,2,10,6,12
10P,3,4,12,5,14
10P,3,6,14,4,16
10P,3,8,17,3,18
10P,3,10,19,2,20
10P,3,12,22,1,23
10P,3,14,24,0,25
10P,3,16,27,0,28
10P,3,18,30,0,31
10P,3,20,33,0,33
10P,3,22,37,0,36
10P,3,24,40,0,40
10P,3,26,44,0,43
2.5RP,3,2,10,6,12
2.5RP,3,4,13,5,13
2.5RP,3,6,16,4,14
2.5RP,3,8,19,3,15
2.5RP,3,10,22,2,17
2.5RP,3,12,25,1,18
2.5RP,3,14,28,0,20
2.5RP,3,16,32,0,22
2.5RP,3,18,36,0,24
2.5RP,3,20,39,0,26
2.5RP,3,22,44,0,28
5RP,3,2,11,6,11
5RP,3,4,14,5,12
5RP,3,6,17,4,12
5RP,3,8,20,3,13
5RP,3,10,24,2,14
5RP,3,12,27,1,15
5RP,3,14,31,0,16
5RP,3,16,35,0,17
5RP,3,18,40,0,18
5RP,3,20,44,0,20
7.5RP,3,2,11,6,10
7.5RP,3,4,14,5,11
7.5RP,3,6,18,4,11
7.5RP,3,8,22,3,11
7.5RP,3,10,25,1,11
7.5RP,3,12,29,0,12
7.5RP,3,14,34,0,12
7.5RP,3,16,38,0,13
7.5RP,3,18,43,0,14
10RP,4,2,18,11,18
10RP,4,4,23,9,17
10RP,4,6,28,8,17
10RP,4,8,34,6,16
10RP,4,10,39,5,16
10RP,4,12,45,3,16
10RP,4,14,51,1,16
10RP,4,16,57,0,16
10RP,4,18,65,0,15
10RP,4,20,72,0,16
2.5R,4,2,18,11,17
2.5R,4,4,24,9,16
2.5R,4,6,29,8,15
2.5R,4,8,34,6,14
2.5R,4,10,40,5,14
2.5R,4,12,46,3,13
2.5R,4,14,52,1,12
2.5R,4,16,59,0,12
5R,4,2,19,11,17
5R,4,4,24,9,15
5R,4,6,29,8,14
5R,4,8,35,6,12
5R,4,10,40,5,11
5R,4,12,46,3,10
5R,4,14,53,1,9
5R,4,16,59,0,8
5R,4,18,66,0,8
7.5R,4,2,19,11,16
7.5R,4,4,24,9,14
7.5R,4,6,29,8,12
7.5R,4,8,35,6,11
7.5R,4,10,40,5,9
7.5R,4,12,46,4,8
7.5R,4,14,52,2,7
7.5R,4,16,57,0,6
7.5R,4,18,63,0,6
7.5R,4,20,70,0,5
10R,4,2,19,11,16
10R,4,4,24,9,13
10R,4,6,29,8,11
10R,4,8,34,7,9
10R,4,10,39,6,8
10R,4,12,44,4,6
10R,4,14,49,3,5
10R,4,16,52,2,4
2.5YR,4,2,19,11,15
2.5YR,4,4,24,10,12
2.5YR,4,6,28,9,10
2.5YR,4,8,32,8,8
2.5YR,4,10,36,7,6
2.5YR,4,12,39,6,5
5YR,4,2,18,11,14
5YR,4,4,23,10,11
5YR,4,6,27,9,9
5YR,4,8,30,8,7
5YR,4,10,33,8,5
5YR,4,12,35,7,4
7.5YR,4,2,18,11,14
7.5YR,4,4,22,10,10
7.5YR,4,6,25,10,8
7.5YR,4,8,28,9,6
7.5YR,4,10,30,9,5
10YR,4,2,17,12,13
10YR,4,4,20,11,10
10YR,4,6,23,10,7
10YR,4,8,25,10,5
10YR,4,10,26,10,4
2.5Y,4,2,16,12,13
2.5Y,4,4,19,11,9
2.5Y,4,6,21,11,7
2.5Y,4,8,22,11,5
2.5Y,4,10,23,11,4
5Y,4,2,15,12,13
5Y,4,4,17,12,9
5Y,4,6,19,12,6
5Y,4,8,20,12,5
7.5Y,4,2,15,12,13
7.5Y,4,4,16,12,9
7.5Y,4,6,17,12,6
7.5Y,4,8,17,12,5
10Y,4,2,13,13,13
10Y,4,4,14,13,9
10Y,4,6,15,13,6
10Y,4,8,15,13,5
2.5GY,4,2,13,13,14
2.5GY,4,4,13,13,9
2.5GY,4,6,12,14,7
2.5GY,4,8,12,14,5
5GY,4,2,12,13,14
5GY,4,4,11,14,10
5GY,4,6,10,14,7
5GY,4,8,9,15,5
5GY,4,10,8,15,4
7.5GY,4,2,11,13,15
7.5GY,4,4,9,14,11
7.5GY,4,6,7,15,9
7.5GY,4,8,5,16,6
7.5GY,4,10,4,16,5
7.5GY,4,12,2,17,4
10GY,4,2,10,13,15
10GY,4,4,8,14,13
10GY,4,6,5,15,10
10GY,4,8,3,16,8
10GY,4,10,0,17,6
10GY,4,12,0,18,5
10GY,4,14,0,19,4
10GY,4,16,0,19,4
2.5G,4,2,10,13,16
2.5G,4,4,6,15,14
2.5G,4,6,3,16,13
2.5G,4,8,0,17,11
2.5G,4,10,0,18,10
2.5G,4,12,0,19,9
2.5G,4,14,0,19,8
2.5G,4,16,0,20,8
2.5G,4,18,0,21,7
2.5G,4,20,0,21,7
2.5G,4,22,0,21,7
2.5G,4,24,0,22,7
2.5G,4,26,0,22,6
5G,4,2,9,13,17
5G,4,4,6,15,15
5G,4,6,2,16,14
5G,4,8,0,17,13
5G,4,10,0,18,13
5G,4,12,0,19,12
5G,4,14,0,20,12
5G,4,16,0,20,11
5G,4,18,0,21,11
5G,4,20,0,21,11
5G,4,22,0,22,11
5G,4,24,0,22,11
5G,4,26,0,23,11
7.5G,4,2,9,13,17
7.5G,4,4,5,15,16
7.5G,4,6,1,16,16
7.5G,4,8,0,17,15
7.5G,4,10,0,18,15
7.5G,4,12,0,19,14
7.5G,4,14,0,20,14
7.5G,4,16,0,20,14
7.5G,4,18,0,21,14
7.5G,4,20,0,21,14
7.5G,4,22,0,22,14
7.5G,4,24,0,22,14
7.5G,4,26,0,23,13
10G,4,2,9,14,18
10G,4,4,5,15,18
10G,4,6,1,16,17
10G,4,8,0,17,17
10G,4,10,0,18,17
10G,4,12,0,19,17
10G,4,14,0,20,17
10G,4,16,0,20,17
10G,4,18,0,21,17
10G,4,20,0,21,17
10G,4,22,0,22,17
10G,4,24,0,22,17
10G,4,26,0,23,17
2.5BG,4,2,9,14,19
2.5BG,4,4,4,15,19
2.5BG,4,6,0,16,19
2.5BG,4,8,0,17,19
2.5BG,4,10,0,18,20
2.5BG,4,12,0,19,20
2.5BG,4,14,0,20,20
2.5BG,4,16,0,20,21
2.5BG,4,18,0,21,21
2.5BG,4,20,0,21,21
2.5BG,4,22,0,22,22
2.5BG,4,24,0,22,22
5BG,4,2,9,13,19
5BG,4,4,4,15,20
5BG,4,6,0,16,21
5BG,4,8,0,17,22
5BG,4,10,0,18,24
5BG,4,12,0,19,25
5BG,4,14,0,20,26
5BG,4,16,0,20,27
5BG,4,18,0,21,28
5BG,4,20,0,21,29
7.5BG,4,2,8,13,20
7.5BG,4,4,4,15,22
7.5BG,4,6,0,16,24
7.5BG,4,8,0,17,25
7.5BG,4,10,0,18,28
7.5BG,4,12,0,19,29
7.5BG,4,14,0,20,31
7.5BG,4,16,0,20,33
7.5BG,4,18,0,21,34
10BG,4,2,8,13,21
10BG,4,4,4,14,23
10BG,4,6,0,16,26
10BG,4,8,0,17,29
10BG,4,10,0,18,32
10BG,4,12,0,18,35
10BG,4,14,0,19,38
10BG,4,16,0,20,41
2.5B,4,2,9,13,21
2.5B,4,4,4,14,25
2.5B,4,6,0,15,28
2.5B,4,8,0,16,32
2.5B,4,10,0,17,37
2.5B,4,12,0,18,41
2.5B,4,14,0,19,46
2.5B,4,16,0,20,49
5B,4,2,9,13,22
5B,4,4,5,14,26
5B,4,6,1,15,30
5B,4,8,0,16,35
5B,4,10,0,16,41
5B,4,12,0,17,47
5B,4,14,0,18,54
7.5B,4,2,9,13,22
7.5B,4,4,6,14,27
7.5B,4,6,2,14,31
7.5B,4,8,0,15,37
7.5B,4,10,0,15,43
7.5B,4,12,0,16,50
7.5B,4,14,0,17,58
10B,4,2,10,13,22
10B,4,4,7,13,27
10B,4,6,3,14,32
10B,4,8,0,14,38
10B,4,10,0,15,45
10B,4,12,0,15,52
10B,4,14,0,16,61
10B,4,16,0,16,70
2.5PB,4,2,11,13,23
2.5PB,4,4,8,13,28
2.5PB,4,6,5,13,33
2.5PB,4,8,2,13,39
2.5PB,4,10,0,14,46
2.5PB,4,12,0,14,53
2.5PB,4,14,0,14,62
2.5PB,4,16,0,14,72
2.5PB,4,18,0,14,83
5PB,4,2,11,12,23
5PB,4,4,10,12,28
5PB,4,6,7,12,33
5PB,4,8,5,13,40
5PB,4,10,2,13,47
5PB,4,12,0,13,54
5PB,4,14,0,13,63
5PB,4,16,0,12,73
5PB,4,18,0,12,85
5PB,4,20,0,12,99
7.5PB,4,2,12,12,23
7.5PB,4,4,12,12,28
7.5PB,4,6,11,11,33
7.5PB,4,8,10,11,39
7.5PB,4,10,8,11,46
7.5PB,4,12,7,10,53
7.5PB,4,14,7,10,61
7.5PB,4,16,6,9,70
7.5PB,4,18,6,8,79
7.5PB,4,20,5,7,90
7.5PB,4,22,5,6,99
7.5PB,4,24,6,5,109
7.5PB,4,26,6,4,120
10PB,4,2,13,12,23
10PB,4,4,13,11,27
10PB,4,6,14,11,32
10PB,4,8,14,10,38
10PB,4,10,14,9,44
10PB,4,12,14,9,50
10PB,4,14,15,8,57
10PB,4,16,15,7,64
10PB,4,18,16,6,71
10PB,4,20,17,5,80
10PB,4,22,18,4,86
10PB,4,24,19,3,94
10PB,4,26,21,1,104
10PB,4,28,22,0,113
10PB,4,30,24,0,123
2.5P,4,2,14,11,23
2.5P,4,4,15,11,27
2.5P,4,6,16,10,31
2.5P,4,8,17,9,36
2.5P,4,10,18,8,40
2.5P,4,12,20,7,46
2.5P,4,14,21,6,51
2.5P,4,16,23,5,57
2.5P,4,18,25,4,64
2.5P,4,20,27,3,71
2.5P,4,22,29,2,76
2.5P,4,24,31,0,83
2.5P,4,26,33,0,91
2.5P,4,28,36,0,99
2.5P,4,30,38,0,108
2.5P,4,32,42,0,119
5P,4,2,15,11,22
5P,4,4,16,10,26
5P,4,6,18,10,29
5P,4,8,20,9,33
5P,4,10,22,8,38
5P,4,12,24,7,42
5P,4,14,26,5,47
5P,4,16,29,4,52
5P,4,18,31,3,57
5P,4,20,34,1,63
5P,4,22,37,0,68
5P,4,24,40,0,74
5P,4,26,43,0,81
5P,4,28,47,0,89
5P,4,30,50,0,96
5P,4,32,55,0,105
7.5P,4,2,16,11,22
7.5P,4,4,18,10,25
7.5P,4,6,20,9,27
7.5P,4,8,23,8,31
7.5P,4,10,26,7,34
7.5P,4,12,28,6,38
7.5P,4,14,32,4,42
7.5P,4,16,35,3,46
7.5P,4,18,38,1,51
7.5P,4,20,42,0,55
7.5P,4,22,45,0,60
7.5P,4,24,49,0,64
7.5P,4,26,53,0,70
7.5P,4,28,58,0,76
7.5P,4,30,63,0,83
7.5P,4,32,69,0,91
10P,4,2,16,11,21
10P,4,4,19,10,23
10P,4,6,22,9,25
10P,4,8,26,8,28
10P,4,10,29,6,31
10P,4,12,33,5,33
10P,4,14,36,3,36
10P,4,16,40,2,39
10P,4,18,45,0,43
10P,4,20,50,0,48
10P,4,22,54,0,51
10P,4,24,58,0,54
10P,4,26,63,0,59
10P,4,28,68,0,63
10P,4,30,76,0,69
2.5RP,4,2,17,11,20
2.5RP,4,4,21,10,22
2.5RP,4,6,24,8,23
2.5RP,4,8,29,7,25
2.5RP,4,10,32,6,27
2.5RP,4,12,37,4,28
2.5RP,4,14,41,3,30
2.5RP,4,16,46,1,32
2.5RP,4,18,51,0,35
2.5RP,4,20,57,0,38
2.5RP,4,22,62,0,40
2.5RP,4,24,68,0,43
2.5RP,4,26,73,0,45
5RP,4,2,18,11,19
5RP,4,4,22,10,20
5RP,4,6,26,8,21
5RP,4,8,31,7,21
5RP,4,10,35,5,22
5RP,4,12,41,4,23
5RP,4,14,46,2,24
5RP,4,16,51,0,25
5RP,4,18,57,0,27
5RP,4,20,64,0,28
5RP,4,22,70,0,29
7.5RP,4,2,18,11,18
7.5RP,4,4,23,9,18
7.5RP,4,6,28,8,18
7.5RP,4,8,33,6,19
7.5RP,4,10,38,5,19
7.5RP,4,12,43,3,19
7.5RP,4,14,49,2,19
7.5RP,4,16,55,0,20
7.5RP,4,18,62,0,21
7.5RP,4,20,69,0,21
10RP,5,2,27,18,29
10RP,5,4,34,16,28
10RP,5,6,41,14,27
10RP,5,8,49,12,26
10RP,5,10,56,10,26
10RP,5,12,64,7,25
10RP,5,14,71,5,25
10RP,5,16,80,3,25
10RP,5,18,89,0,24
10RP,5,20,98,0,24
2.5R,5,2,27,18,29
2.5R,5,4,35,16,27
2.5R,5,6,42,14,25
2.5R,5,8,50,12,24
2.5R,5,10,57,10,23
2.5R,5,12,66,7,21
2.5R,5,14,73,5,21
2.5R,5,16,82,3,20
2.5R,5,18,91,0,19
2.5R,5,20,101,0,18
5R,5,2,28,18,28
5R,5,4,35,16,26
5R,5,6,43,14,23
5R,5,8,50,12,21
5R,5,10,58,10,19
5R,5,12,66,8,18
5R,5,14,74,6,16
5R,5,16,83,3,15
5R,5,18,92,1,14
5R,5,20,100,0,13
7.5R,5,2,28,18,27
7.5R,5,4,35,16,24
7.5R,5,6,43,14,21
7.5R,5,8,50,12,19
7.5R,5,10,58,10,16
7.5R,5,12,66,8,14
7.5R,5,14,73,6,13
7.5R,5,16,81,4,11
7.5R,5,18,89,2,10
7.5R,5,20,96,0,9
10R,5,2,28,18,26
10R,5,4,35,16,23
10R,5,6,43,15,19
10R,5,8,50,13,16
10R,5,10,57,11,13
10R,5,12,64,9,11
10R,5,14,69,8,9
10R,5,16,75,6,8
10R,5,18,81,4,7
2.5YR,5,2,28,18,25
2.5YR,5,4,35,17,21
2.5YR,5,6,42,15,17
2.5YR,5,8,48,13,14
2.5YR,5,10,54,12,11
2.5YR,5,12,58,11,9
2.5YR,5,14,62,10,8
2.5YR,5,16,65,9,7
5YR,5,2,28,18,25
5YR,5,4,34,17,20
5YR,5,6,40,16,16
5YR,5,8,45,14,12
5YR,5,10,50,13,10
5YR,5,12,53,13,8
5YR,5,14,56,12,7
7.5YR,5,2,27,19,24
7.5YR,5,4,33,18,19
7.5YR,5,6,38,16,14
7.5YR,5,8,42,15,11
7.5YR,5,10,45,15,9
7.5YR,5,12,48,14,7
7.5YR,5,14,49,14,6
10YR,5,2,27,19,23
10YR,5,4,31,18,17
10YR,5,6,35,17,13
10YR,5,8,39,17,10
10YR,5,10,41,16,8
10YR,5,12,42,16,7
2.5Y,5,2,26,19,23
2.5Y,5,4,29,19,17
2.5Y,5,6,32,18,12
2.5Y,5,8,35,18,9
2.5Y,5,10,36,18,8
2.5Y,5,12,38,17,6
5Y,5,2,24,20,22
5Y,5,4,27,20,16
5Y,5,6,29,19,12
5Y,5,8,31,19,9
5Y,5,10,32,19,7
5Y,5,12,33,19,6
7.5Y,5,2,23,20,22
7.5Y,5,4,25,20,16
7.5Y,5,6,27,20,11
7.5Y,5,8,27,20,9
7.5Y,5,10,28,20,7
7.5Y,5,12,29,20,6
10Y,5,2,22,20,22
10Y,5,4,23,21,16
10Y,5,6,24,21,11
10Y,5,8,24,21,9
10Y,5,10,24,21,7
10Y,5,12,25,21,6
2.5GY,5,2,21,21,23
2.5GY,5,4,21,21,17
2.5GY,5,6,20,22,12
2.5GY,5,8,20,22,9
2.5GY,5,10,20,23,7
2.5GY,5,12,20,23,6
5GY,5,2,20,21,23
5GY,5,4,19,22,18
5GY,5,6,17,23,13
5GY,5,8,16,23,10
5GY,5,10,15,24,8
5GY,5,12,14,24,6
7.5GY,5,2,18,21,25
7.5GY,5,4,16,22,20
7.5GY,5,6,13,24,15
7.5GY,5,8,11,25,12
7.5GY,5,10,8,26,9
7.5GY,5,12,6,27,7
7.5GY,5,14,4,27,6
10GY,5,2,17,21,26
10GY,5,4,14,23,22
10GY,5,6,10,24,18
10GY,5,8,7,26,15
10GY,5,10,4,27,12
10GY,5,12,1,28,10
10GY,5,14,0,29,8
10GY,5,16,0,30,7
10GY,5,18,0,31,6
2.5G,5,2,16,22,27
2.5G,5,4,12,23,24
2.5G,5,6,8,25,21
2.5G,5,8,3,26,19
2.5G,5,10,0,28,17
2.5G,5,12,0,29,16
2.5G,5,14,0,30,14
2.5G,5,16,0,31,13
2.5G,5,18,0,32,12
2.5G,5,20,0,33,11
2.5G,5,22,0,34,11
2.5G,5,24,0,35,10
2.5G,5,26,0,35,10
2.5G,5,28,0,36,10
5G,5,2,16,22,28
5G,5,4,11,23,26
5G,5,6,6,25,24
5G,5,8,1,27,22
5G,5,10,0,28,21
5G,5,12,0,29,20
5G,5,14,0,30,19
5G,5,16,0,32,19
5G,5,18,0,33,18
5G,5,20,0,33,18
5G,5,22,0,34,18
5G,5,24,0,35,17
5G,5,26,0,35,17
5G,5,28,0,36,17
7.5G,5,2,15,22,29
7.5G,5,4,10,23,27
7.5G,5,6,5,25,26
7.5G,5,8,0,27,25
7.5G,5,10,0,28,24
7.5G,5,12,0,30,23
7.5G,5,14,0,31,23
7.5G,5,16,0,32,23
7.5G,5,18,0,33,22
7.5G,5,20,0,33,22
7.5G,5,22,0,34,22
7.5G,5,24,0,35,22
7.5G,5,26,0,36,22
7.5G,5,28,0,36,21
10G,5,2,15,22,29
10G,5,4,9,23,29
10G,5,6,4,25,28
10G,5,8,0,27,27
10G,5,10,0,28,27
10G,5,12,0,30,27
10G,5,14,0,31,27
10G,5,16,0,32,27
10G,5,18,0,33,26
10G,5,20,0,34,26
10G,5,22,0,34,27
10G,5,24,0,35,27
10G,5,26,0,36,27
10G,5,28,0,36,27
2.5BG,5,2,15,22,30
2.5BG,5,4,9,23,30
2.5BG,5,6,4,25,30
2.5BG,5,8,0,27,30
2.5BG,5,10,0,28,31
2.5BG,5,12,0,30,31
2.5BG,5,14,0,31,32
2.5BG,5,16,0,32,32
2.5BG,5,18,0,33,33
2.5BG,5,20,0,34,33
2.5BG,5,22,0,34,34
2.5BG,5,24,0,35,34
5BG,5,2,15,22,31
5BG,5,4,9,23,32
5BG,5,6,3,25,33
5BG,5,8,0,26,35
5BG,5,10,0,28,36
5BG,5,12,0,29,38
5BG,5,14,0,30,39
5BG,5,16,0,32,40
5BG,5,18,0,33,42
5BG,5,20,0,34,43
5BG,5,22,0,34,44
7.5BG,5,2,15,22,32
7.5BG,5,4,9,23,34
7.5BG,5,6,3,25,36
7.5BG,5,8,0,26,38
7.5BG,5,10,0,28,41
7.5BG,5,12,0,29,44
7.5BG,5,14,0,30,46
7.5BG,5,16,0,32,48
7.5BG,5,18,0,33,51
10BG,5,2,15,21,33
10BG,5,4,9,23,36
10BG,5,6,3,24,39
10BG,5,8,0,26,43
10BG,5,10,0,27,47
10BG,5,12,0,29,51
10BG,5,14,0,30,55
10BG,5,16,0,31,59
2.5B,5,2,15,21,34
2.5B,5,4,9,23,38
2.5B,5,6,3,24,42
2.5B,5,8,0,25,47
2.5B,5,10,0,27,52
2.5B,5,12,0,28,58
2.5B,5,14,0,29,64
2.5B,5,16,0,31,70
5B,5,2,16,21,34
5B,5,4,10,22,39
5B,5,6,4,23,45
5B,5,8,0,24,51
5B,5,10,0,26,58
5B,5,12,0,27,66
5B,5,14,0,28,74
5B,5,16,0,29,84
7.5B,5,2,16,21,35
7.5B,5,4,11,22,40
7.5B,5,6,6,23,47
7.5B,5,8,1,24,54
7.5B,5,10,0,24,61
7.5B,5,12,0,25,71
7.5B,5,14,0,26,80
7.5B,5,16,0,27,92
10B,5,2,17,21,35
10B,5,4,13,21,41
10B,5,6,8,22,48
10B,5,8,3,23,55
10B,5,10,0,23,64
10B,5,12,0,24,73
10B,5,14,0,25,84
10B,5,16,0,26,96
10B,5,18,0,26,107
2.5PB,5,2,18,20,36
2.5PB,5,4,14,21,42
2.5PB,5,6,11,21,49
2.5PB,5,8,7,21,57
2.5PB,5,10,3,22,65
2.5PB,5,12,0,22,75
2.5PB,5,14,0,23,86
2.5PB,5,16,0,23,99
2.5PB,5,18,0,23,113
5PB,5,2,19,20,36
5PB,5,4,17,20,42
5PB,5,6,14,20,49
5PB,5,8,10,20,57
5PB,5,10,7,20,66
5PB,5,12,3,21,76
5PB,5,14,0,21,87
5PB,5,16,0,21,100
5PB,5,18,0,21,115
7.5PB,5,2,20,20,36
7.5PB,5,4,19,19,42
7.5PB,5,6,18,19,49
7.5PB,5,8,16,19,57
7.5PB,5,10,15,18,65
7.5PB,5,12,13,18,75
7.5PB,5,14,12,17,85
7.5PB,5,16,10,16,96
7.5PB,5,18,9,16,110
7.5PB,5,20,7,14,124
10PB,5,2,21,19,35
10PB,5,4,21,19,41
10PB,5,6,21,18,48
10PB,5,8,21,17,55
10PB,5,10,22,16,62
10PB,5,12,22,16,71
10PB,5,14,22,15,80
10PB,5,16,22,13,90
10PB,5,18,23,12,99
10PB,5,20,24,11,109
10PB,5,22,25,10,121
2.5P,5,2,22,19,35
2.5P,5,4,23,18,40
2.5P,5,6,25,17,46
2.5P,5,8,26,16,53
2.5P,5,10,27,15,59
2.5P,5,12,29,14,66
2.5P,5,14,31,13,73
2.5P,5,16,33,11,80
2.5P,5,18,35,10,88
2.5P,5,20,38,8,97
2.5P,5,22,40,7,106
2.5P,5,24,43,5,116
2.5P,5,26,46,3,126
5P,5,2,23,19,34
5P,5,4,25,18,39
5P,5,6,27,17,44
5P,5,8,30,15,50
5P,5,10,32,14,55
5P,5,12,35,13,61
5P,5,14,38,11,67
5P,5,16,41,10,74
5P,5,18,44,8,80
5P,5,20,47,6,87
5P,5,22,51,4,95
5P,5,24,55,2,104
5P,5,26,59,0,112
5P,5,28,64,0,122
7.5P,5,2,24,19,34
7.5P,5,4,27,17,37
7.5P,5,6,31,16,41
7.5P,5,8,35,14,46
7.5P,5,10,38,13,50
7.5P,5,12,42,11,55
7.5P,5,14,46,10,60
7.5P,5,16,50,8,65
7.5P,5,18,54,6,70
7.5P,5,20,59,4,76
7.5P,5,22,64,2,83
7.5P,5,24,68,0,88
7.5P,5,26,74,0,96
7.5P,5,28,79,0,103
7.5P,5,30,86,0,111
10P,5,2,25,18,33
10P,5,4,29,17,36
10P,5,6,34,15,39
10P,5,8,38,13,42
10P,5,10,43,12,45
10P,5,12,48,10,49
10P,5,14,52,8,53
10P,5,16,58,6,56
10P,5,18,63,4,61
10P,5,20,69,2,65
10P,5,22,75,0,69
10P,5,24,81,0,74
10P,5,26,88,0,80
10P,5,28,94,0,85
10P,5,30,102,0,91
2.5RP,5,2,26,18,32
2.5RP,5,4,31,17,34
2.5RP,5,6,36,15,36
2.5RP,5,8,42,13,38
2.5RP,5,10,47,11,40
2.5RP,5,12,53,9,43
2.5RP,5,14,59,7,45
2.5RP,5,16,65,5,47
2.5RP,5,18,72,3,50
2.5RP,5,20,78,1,53
2.5RP,5,22,86,0,56
2.5RP,5,24,92,0,59
2.5RP,5,26,100,0,62
5RP,5,2,26,18,31
5RP,5,4,32,16,31
5RP,5,6,39,14,32
5RP,5,8,45,12,33
5RP,5,10,52,10,34
5RP,5,12,59,8,35
5RP,5,14,65,6,36
5RP,5,16,73,4,37
5RP,5,18,80,1,38
5RP,5,20,88,0,40
5RP,5,22,96,0,41
5RP,5,24,105,0,42
7.5RP,5,2,27,18,30
7.5RP,5,4,33,16,30
7.5RP,5,6,40,14,30
7.5RP,5,8,47,12,30
7.5RP,5,10,54,10,30
7.5RP,5,12,62,8,30
7.5RP,5,14,69,6,30
7.5RP,5,16,77,3,31
7.5RP,5,18,85,1,31
7.5RP,5,20,94,0,32
7.5RP,5,22,102,0,32
10RP,6,2,39,28,44
10RP,6,4,48,25,43
10RP,6,6,57,23,42
10RP,6,8,65,20,41
10RP,6,10,75,18,39
10RP,6,12,85,15,38
10RP,6,14,95,12,38
10RP,6,16,107,8,37
10RP,6,18,117,5,36
2.5R,6,2,40,28,44
2.5R,6,4,49,25,41
2.5R,6,6,58,23,39
2.5R,6,8,67,20,37
2.5R,6,10,77,18,35
2.5R,6,12,87,15,33
2.5R,6,14,97,12,32
2.5R,6,16,109,8,31
2.5R,6,18,120,5,29
5R,6,2,40,28,43
5R,6,4,49,25,40
5R,6,6,59,23,36
5R,6,8,68,20,34
5R,6,10,78,18,31
5R,6,12,88,15,29
5R,6,14,98,12,27
5R,6,16,109,9,25
5R,6,18,120,6,23
7.5R,6,2,41,28,42
7.5R,6,4,50,25,38
7.5R,6,6,59,23,34
7.5R,6,8,68,21,30
7.5R,6,10,79,18,27
7.5R,6,12,88,15,24
7.5R,6,14,98,13,21
7.5R,6,16,108,10,19
7.5R,6,18,118,7,17
10R,6,2,41,28,41
10R,6,4,50,25,35
10R,6,6,59,23,31
10R,6,8,68,21,27
10R,6,10,77,19,23
10R,6,12,86,16,19
10R,6,14,95,14,16
10R,6,16,103,12,14
10R,6,18,111,10,12
2.5YR,6,2,41,28,39
2.5YR,6,4,49,26,33
2.5YR,6,6,58,24,28
2.5YR,6,8,66,22,24
2.5YR,6,10,74,20,20
2.5YR,6,12,81,18,16
2.5YR,6,14,88,17,14
2.5YR,6,16,92,15,12
2.5YR,6,18,96,14,10
5YR,6,2,41,28,38
5YR,6,4,48,26,32
5YR,6,6,56,25,26
5YR,6,8,63,23,21
5YR,6,10,70,22,17
5YR,6,12,75,20,14
5YR,6,14,79,19,12
5YR,6,16,82,18,10
5YR,6,18,85,18,9
7.5YR,6,2,40,28,37
7.5YR,6,4,47,27,30
7.5YR,6,6,54,26,24
7.5YR,6,8,59,24,19
7.5YR,6,10,64,23,15
7.5YR,6,12,68,22,12
7.5YR,6,14,71,22,11
7.5YR,6,16,73,21,9
10YR,6,2,39,29,36
10YR,6,4,45,28,28
10YR,6,6,50,27,22
10YR,6,8,55,26,17
10YR,6,10,59,25,14
10YR,6,12,61,25,11
10YR,6,14,63,24,10
2.5Y,6,2,37,29,35
2.5Y,6,4,42,29,27
2.5Y,6,6,46,28,21
2.5Y,6,8,50,27,16
2.5Y,6,10,53,27,13
2.5Y,6,12,55,27,11
2.5Y,6,14,56,26,9
5Y,6,2,36,30,35
5Y,6,4,39,30,26
5Y,6,6,43,29,20
5Y,6,8,45,29,15
5Y,6,10,47,29,12
5Y,6,12,48,29,10
5Y,6,14,49,29,9
7.5Y,6,2,35,30,34
7.5Y,6,4,37,30,26
7.5Y,6,6,39,30,19
7.5Y,6,8,40,30,15
7.5Y,6,10,42,30,12
7.5Y,6,12,42,30,10
7.5Y,6,14,43,30,8
10Y,6,2,34,30,35
10Y,6,4,35,31,26
10Y,6,6,36,31,19
10Y,6,8,36,32,15
10Y,6,10,37,32,12
10Y,6,12,37,32,10
10Y,6,14,37,32,8
2.5GY,6,2,32,31,35
2.5GY,6,4,32,32,27
2.5GY,6,6,31,33,20
2.5GY,6,8,31,33,15
2.5GY,6,10,30,34,12
2.5GY,6,12,30,34,10
2.5GY,6,14,30,34,8
5GY,6,2,30,31,36
5GY,6,4,29,33,28
5GY,6,6,27,34,22
5GY,6,8,25,35,17
5GY,6,10,24,36,13
5GY,6,12,23,36,10
5GY,6,14,22,37,9
7.5GY,6,2,28,32,37
7.5GY,6,4,25,33,31
7.5GY,6,6,22,35,25
7.5GY,6,8,18,36,20
7.5GY,6,10,15,38,16
7.5GY,6,12,13,39,13
7.5GY,6,14,10,40,10
7.5GY,6,16,8,41,9
10GY,6,2,26,32,39
10GY,6,4,22,34,33
10GY,6,6,18,36,28
10GY,6,8,13,38,24
10GY,6,10,9,39,20
10GY,6,12,5,41,17
10GY,6,14,1,42,14
10GY,6,16,0,44,12
10GY,6,18,0,45,10
10GY,6,20,0,46,9
2.5G,6,2,25,32,41
2.5G,6,4,19,35,37
2.5G,6,6,13,37,33
2.5G,6,8,8,39,30
2.5G,6,10,3,40,27
2.5G,6,12,0,42,25
2.5G,6,14,0,44,23
2.5G,6,16,0,45,21
2.5G,6,18,0,47,19
2.5G,6,20,0,48,18
2.5G,6,22,0,49,17
2.5G,6,24,0,50,16
2.5G,6,26,0,52,15
2.5G,6,28,0,52,15
5G,6,2,24,32,42
5G,6,4,17,35,39
5G,6,6,11,37,37
5G,6,8,5,39,35
5G,6,10,0,41,33
5G,6,12,0,43,32
5G,6,14,0,44,30
5G,6,16,0,46,29
5G,6,18,0,47,28
5G,6,20,0,48,28
5G,6,22,0,50,27
5G,6,24,0,51,27
5G,6,26,0,52,26
5G,6,28,0,53,26
7.5G,6,2,24,32,43
7.5G,6,4,16,35,41
7.5G,6,6,10,37,40
7.5G,6,8,4,39,38
7.5G,6,10,0,41,37
7.5G,6,12,0,43,36
7.5G,6,14,0,44,35
7.5G,6,16,0,46,34
7.5G,6,18,0,47,34
7.5G,6,20,0,49,33
7.5G,6,22,0,50,33
7.5G,6,24,0,51,32
7.5G,6,26,0,52,32
7.5G,6,28,0,53,32
10G,6,2,24,32,44
10G,6,4,15,35,43
10G,6,6,9,37,42
10G,6,8,2,39,41
10G,6,10,0,41,41
10G,6,12,0,43,40
10G,6,14,0,44,40
10G,6,16,0,46,40
10G,6,18,0,47,39
10G,6,20,0,49,39
10G,6,22,0,50,39
10G,6,24,0,51,39
10G,6,26,0,52,39
2.5BG,6,2,23,32,45
2.5BG,6,4,15,35,45
2.5BG,6,6,8,37,45
2.5BG,6,8,1,39,45
2.5BG,6,10,0,41,45
2.5BG,6,12,0,43,46
2.5BG,6,14,0,44,46
2.5BG,6,16,0,46,47
2.5BG,6,18,0,47,47
2.5BG,6,20,0,49,48
2.5BG,6,22,0,50,48
5BG,6,2,23,32,47
5BG,6,4,15,35,48
5BG,6,6,7,37,49
5BG,6,8,0,39,50
5BG,6,10,0,41,52
5BG,6,12,0,43,53
5BG,6,14,0,44,55
5BG,6,16,0,46,56
5BG,6,18,0,47,58
5BG,6,20,0,49,59
7.5BG,6,2,23,32,48
7.5BG,6,4,14,35,50
7.5BG,6,6,7,37,53
7.5BG,6,8,0,39,55
7.5BG,6,10,0,40,58
7.5BG,6,12,0,42,61
7.5BG,6,14,0,44,63
7.5BG,6,16,0,46,66
7.5BG,6,18,0,47,69
10BG,6,2,23,32,49
10BG,6,4,15,34,53
10BG,6,6,7,36,57
10BG,6,8,0,38,61
10BG,6,10,0,40,65
10BG,6,12,0,42,70
10BG,6,14,0,43,75
10BG,6,16,0,45,80
10BG,6,18,0,47,84
2.5B,6,2,24,32,50
2.5B,6,4,16,34,55
2.5B,6,6,7,36,60
2.5B,6,8,0,37,66
2.5B,6,10,0,39,72
2.5B,6,12,0,41,79
2.5B,6,14,0,42,86
2.5B,6,16,0,44,94
5B,6,2,25,32,51
5B,6,4,17,33,57
5B,6,6,9,35,64
5B,6,8,1,36,72
5B,6,10,0,38,80
5B,6,12,0,39,89
5B,6,14,0,41,99
5B,6,16,0,42,111
7.5B,6,2,26,31,51
7.5B,6,4,19,33,58
7.5B,6,6,12,34,66
7.5B,6,8,5,35,75
7.5B,6,10,0,36,84
7.5B,6,12,0,37,95
7.5B,6,14,0,39,107
7.5B,6,16,0,40,122
10B,6,2,27,31,52
10B,6,4,21,32,59
10B,6,6,14,33,68
10B,6,8,8,34,77
10B,6,10,2,35,87
10B,6,12,0,36,99
10B,6,14,0,37,113
10B,6,16,0,38,129
2.5PB,6,2,28,30,52
2.5PB,6,4,23,31,59
2.5PB,6,6,18,32,69
2.5PB,6,8,13,32,78
2.5PB,6,10,8,33,89
2.5PB,6,12,1,33,103
2.5PB,6,14,0,34,117
5PB,6,2,29,30,52
5PB,6,4,26,30,60
5PB,6,6,22,30,69
5PB,6,8,18,31,79
5PB,6,10,14,31,90
5PB,6,12,8,31,103
5PB,6,14,3,31,118
7.5PB,6,2,31,30,52
7.5PB,6,4,29,29,60
7.5PB,6,6,27,29,69
7.5PB,6,8,25,29,78
7.5PB,6,10,23,28,88
7.5PB,6,12,21,27,102
7.5PB,6,14,18,27,116
10PB,6,2,32,29,52
10PB,6,4,32,29,59
10PB,6,6,32,28,68
10PB,6,8,32,27,76
10PB,6,10,32,26,86
10PB,6,12,32,25,97
10PB,6,14,32,24,109
10PB,6,16,32,22,124
2.5P,6,2,33,29,52
2.5P,6,4,34,28,58
2.5P,6,6,36,27,66
2.5P,6,8,37,25,74
2.5P,6,10,39,24,82
2.5P,6,12,41,23,91
2.5P,6,14,43,21,100
2.5P,6,16,46,19,111
2.5P,6,18,49,17,121
5P,6,2,34,29,51
5P,6,4,37,27,57
5P,6,6,40,26,63
5P,6,8,42,24,70
5P,6,10,45,23,77
5P,6,12,49,21,85
5P,6,14,52,19,93
5P,6,16,56,17,102
5P,6,18,60,15,110
5P,6,20,64,13,121
7.5P,6,2,36,28,50
7.5P,6,4,40,27,54
7.5P,6,6,44,25,60
7.5P,6,8,49,23,65
7.5P,6,10,53,21,70
7.5P,6,12,58,19,76
7.5P,6,14,63,17,82
7.5P,6,16,69,15,89
7.5P,6,18,74,12,95
7.5P,6,20,81,9,104
7.5P,6,22,88,6,113
7.5P,6,24,95,4,121
10P,6,2,37,28,49
10P,6,4,42,26,52
10P,6,6,48,24,56
10P,6,8,53,22,60
10P,6,10,59,20,64
10P,6,12,65,18,68
10P,6,14,72,15,73
10P,6,16,79,13,78
10P,6,18,85,10,83
10P,6,20,93,7,89
10P,6,22,101,4,95
10P,6,24,109,1,101
10P,6,26,118,0,108
2.5RP,6,2,38,28,48
2.5RP,6,4,44,26,50
2.5RP,6,6,51,24,52
2.5RP,6,8,57,21,55
2.5RP,6,10,64,19,57
2.5RP,6,12,72,17,60
2.5RP,6,14,80,14,63
2.5RP,6,16,88,11,66
2.5RP,6,18,96,8,69
2.5RP,6,20,106,5,73
2.5RP,6,22,114,2,76
2.5RP,6,24,123,0,80
5RP,6,2,38,28,46
5RP,6,4,46,26,47
5RP,6,6,54,23,48
5RP,6,8,62,21,49
5RP,6,10,69,18,49
5RP,6,12,78,16,51
5RP,6,14,88,13,52
5RP,6,16,97,10,53
5RP,6,18,107,7,55
5RP,6,20,119,3,56
5RP,6,22,127,0,58
7.5RP,6,2,39,28,45
7.5RP,6,4,47,26,45
7.5RP,6,6,56,23,45
7.5RP,6,8,64,21,44
7.5RP,6,10,72,18,44
7.5RP,6,12,82,15,44
7.5RP,6,14,92,12,45
7.5RP,6,16,103,9,45
7.5RP,6,18,112,6,45
7.5RP,6,20,124,2,46
10RP,7,2,54,40,64
10RP,7,4,65,37,62
10RP,7,6,76,34,60
10RP,7,8,88,31,58
10RP,7,10,100,27,57
10RP,7,12,114,23,55
10RP,7,14,127,19,54
10RP,7,16,141,15,52
2.5R,7,2,55,40,63
2.5R,7,4,66,37,60
2.5R,7,6,77,34,57
2.5R,7,8,90,31,54
2.5R,7,10,102,27,51
2.5R,7,12,116,23,48
2.5R,7,14,130,19,46
2.5R,7,16,144,15,44
5R,7,2,55,40,62
5R,7,4,67,37,58
5R,7,6,78,34,54
5R,7,8,91,31,50
5R,7,10,103,27,46
5R,7,12,117,23,43
5R,7,14,131,20,40
7.5R,7,2,56,40,60
7.5R,7,4,68,37,55
7.5R,7,6,79,34,50
7.5R,7,8,92,31,45
7.5R,7,10,104,28,41
7.5R,7,12,117,24,36
7.5R,7,14,130,21,32
7.5R,7,16,143,17,29
10R,7,2,56,40,59
10R,7,4,68,37,52
10R,7,6,79,34,46
10R,7,8,91,31,40
10R,7,10,102,29,35
10R,7,12,114,26,30
10R,7,14,126,23,26
10R,7,16,136,20,22
2.5YR,7,2,56,40,57
2.5YR,7,4,67,38,50
2.5YR,7,6,78,35,42
2.5YR,7,8,89,33,36
2.5YR,7,10,98,30,31
2.5YR,7,12,109,28,26
2.5YR,7,14,118,25,21
2.5YR,7,16,125,24,18
2.5YR,7,18,130,22,16
2.5YR,7,20,134,21,14
5YR,7,2,56,40,56
5YR,7,4,66,38,47
5YR,7,6,76,36,39
5YR,7,8,84,34,33
5YR,7,10,93,32,27
5YR,7,12,101,30,22
5YR,7,14,107,29,19
5YR,7,16,112,28,16
5YR,7,18,115,27,14
5YR,7,20,118,26,13
7.5YR,7,2,55,41,54
7.5YR,7,4,64,39,45
7.5YR,7,6,73,37,37
7.5YR,7,8,80,36,30
7.5YR,7,10,87,34,25
7.5YR,7,12,93,33,20
7.5YR,7,14,97,32,17
7.5YR,7,16,100,31,15
7.5YR,7,18,102,31,13
10YR,7,2,54,41,53
10YR,7,4,62,40,42
10YR,7,6,68,39,34
10YR,7,8,74,38,28
10YR,7,10,80,37,22
10YR,7,12,84,36,18
10YR,7,14,87,35,15
10YR,7,16,89,35,14
10YR,7,18,91,34,12
2.5Y,7,2,52,42,51
2.5Y,7,4,59,41,41
2.5Y,7,6,64,40,32
2.5Y,7,8,69,40,26
2.5Y,7,10,72,39,21
2.5Y,7,12,76,38,17
2.5Y,7,14,78,38,14
2.5Y,7,16,79,38,13
5Y,7,2,51,43,51
5Y,7,4,55,42,40
5Y,7,6,58,42,31
5Y,7,8,62,42,25
5Y,7,10,65,42,19
5Y,7,12,67,41,16
5Y,7,14,68,41,14
5Y,7,16,69,41,12
7.5Y,7,2,49,43,51
7.5Y,7,4,52,43,39
7.5Y,7,6,54,43,31
7.5Y,7,8,56,44,24
7.5Y,7,10,58,44,19
7.5Y,7,12,59,44,16
7.5Y,7,14,60,43,13
7.5Y,7,16,61,43,12
10Y,7,2,48,43,51
10Y,7,4,49,44,39
10Y,7,6,50,45,31
10Y,7,8,51,45,24
10Y,7,10,52,45,19
10Y,7,12,53,45,15
10Y,7,14,53,46,13
10Y,7,16,53,46,12
2.5GY,7,2,46,44,51
2.5GY,7,4,45,45,40
2.5GY,7,6,45,46,32
2.5GY,7,8,45,47,25
2.5GY,7,10,44,48,19
2.5GY,7,12,44,48,16
2.5GY,7,14,44,48,13
2.5GY,7,16,43,49,12
5GY,7,2,44,44,52
5GY,7,4,42,46,42
5GY,7,6,40,47,34
5GY,7,8,38,49,27
5GY,7,10,36,50,21
5GY,7,12,34,51,17
5GY,7,14,33,51,14
5GY,7,16,32,52,12
7.5GY,7,2,41,45,54
7.5GY,7,4,37,47,45
7.5GY,7,6,33,49,38
7.5GY,7,8,29,51,31
7.5GY,7,10,25,53,26
7.5GY,7,12,21,54,21
7.5GY,7,14,18,56,17
7.5GY,7,16,15,57,14
7.5GY,7,18,13,58,12
10GY,7,2,39,46,56
10GY,7,4,33,48,49
10GY,7,6,28,50,43
10GY,7,8,22,52,37
10GY,7,10,17,55,32
10GY,7,12,11,57,27
10GY,7,14,6,58,23
10GY,7,16,1,60,20
10GY,7,18,0,62,17
10GY,7,20,0,64,15
10GY,7,22,0,65,13
2.5G,7,2,37,46,59
2.5G,7,4,29,49,53
2.5G,7,6,22,51,49
2.5G,7,8,15,54,44
2.5G,7,10,9,56,40
2.5G,7,12,2,58,37
2.5G,7,14,0,60,34
2.5G,7,16,0,62,31
2.5G,7,18,0,64,29
2.5G,7,20,0,66,27
2.5G,7,22,0,68,25
2.5G,7,24,0,69,24
2.5G,7,26,0,71,22
5G,7,2,36,46,61
5G,7,4,27,49,57
5G,7,6,19,52,54
5G,7,8,12,54,51
5G,7,10,4,57,48
5G,7,12,0,59,46
5G,7,14,0,61,44
5G,7,16,0,63,43
5G,7,18,0,65,41
5G,7,20,0,67,40
5G,7,22,0,69,39
5G,7,24,0,70,39
5G,7,26,0,71,38
7.5G,7,2,35,46,62
7.5G,7,4,26,49,59
7.5G,7,6,18,52,57
7.5G,7,8,10,54,55
7.5G,7,10,2,57,53
7.5G,7,12,0,59,52
7.5G,7,14,0,62,50
7.5G,7,16,0,64,49
7.5G,7,18,0,65,48
7.5G,7,20,0,67,47
7.5G,7,22,0,69,47
7.5G,7,24,0,70,46
7.5G,7,26,0,71,46
10G,7,2,34,46,63
10G,7,4,25,49,62
10G,7,6,16,52,60
10G,7,8,8,54,59
10G,7,10,0,57,58
10G,7,12,0,59,57
10G,7,14,0,62,57
10G,7,16,0,64,56
10G,7,18,0,66,56
10G,7,20,0,67,55
10G,7,22,0,69,55
10G,7,24,0,71,55
2.5BG,7,2,34,46,64
2.5BG,7,4,24,49,64
2.5BG,7,6,16,52,64
2.5BG,7,8,7,54,64
2.5BG,7,10,0,57,64
2.5BG,7,12,0,59,64
2.5BG,7,14,0,62,64
2.5BG,7,16,0,63,65
2.5BG,7,18,0,66,65
2.5BG,7,20,0,67,66
2.5BG,7,22,0,69,67
5BG,7,2,34,46,66
5BG,7,4,24,49,67
5BG,7,6,15,51,68
5BG,7,8,5,54,70
5BG,7,10,0,57,71
5BG,7,12,0,59,73
5BG,7,14,0,61,75
5BG,7,16,0,63,76
5BG,7,18,0,65,78
5BG,7,20,0,67,80
7.5BG,7,2,34,46,68
7.5BG,7,4,23,49,70
7.5BG,7,6,14,51,73
7.5BG,7,8,4,54,76
7.5BG,7,10,0,56,79
7.5BG,7,12,0,59,82
7.5BG,7,14,0,61,85
7.5BG,7,16,0,63,89
7.5BG,7,18,0,65,92
10BG,7,2,34,45,69
10BG,7,4,24,48,74
10BG,7,6,14,51,78
10BG,7,8,4,53,83
10BG,7,10,0,56,88
10BG,7,12,0,58,94
10BG,7,14,0,60,99
10BG,7,16,0,63,105
2.5B,7,2,35,45,70
2.5B,7,4,24,48,76
2.5B,7,6,15,50,82
2.5B,7,8,5,52,89
2.5B,7,10,0,55,97
2.5B,7,12,0,57,105
2.5B,7,14,0,59,113
5B,7,2,36,45,71
5B,7,4,26,47,79
5B,7,6,17,49,87
5B,7,8,7,51,96
5B,7,10,0,53,107
5B,7,12,0,55,120
5B,7,14,0,57,131
7.5B,7,2,38,44,72
7.5B,7,4,28,46,80
7.5B,7,6,19,48,89
7.5B,7,8,10,49,100
7.5B,7,10,0,51,113
7.5B,7,12,0,53,127
10B,7,2,39,44,72
10B,7,4,31,45,81
10B,7,6,23,47,91
10B,7,8,15,48,103
10B,7,10,6,49,117
10B,7,12,0,50,134
2.5PB,7,2,41,43,72
2.5PB,7,4,35,44,82
2.5PB,7,6,28,45,93
2.5PB,7,8,21,46,105
2.5PB,7,10,14,46,121
5PB,7,2,42,43,73
5PB,7,4,38,43,82
5PB,7,6,33,44,94
5PB,7,8,27,44,106
5PB,7,10,21,44,122
7.5PB,7,2,44,42,73
7.5PB,7,4,42,42,82
7.5PB,7,6,39,42,94
7.5PB,7,8,37,41,107
7.5PB,7,10,34,40,122
10PB,7,2,45,42,72
10PB,7,4,45,41,82
10PB,7,6,45,40,92
10PB,7,8,45,39,104
10PB,7,10,44,38,118
10PB,7,12,44,36,133
2.5P,7,2,47,41,72
2.5P,7,4,48,40,80
2.5P,7,6,50,39,90
2.5P,7,8,52,37,100
2.5P,7,10,54,35,111
2.5P,7,12,57,33,124
5P,7,2,48,41,71
5P,7,4,51,40,79
5P,7,6,54,38,87
5P,7,8,58,36,95
5P,7,10,62,34,105
5P,7,12,66,32,115
5P,7,14,70,29,125
7.5P,7,2,50,41,70
7.5P,7,4,55,39,75
7.5P,7,6,61,36,81
7.5P,7,8,66,34,88
7.5P,7,10,73,31,95
7.5P,7,12,79,29,102
7.5P,7,14,86,26,110
7.5P,7,16,93,23,119
7.5P,7,18,100,20,128
10P,7,2,51,41,69
10P,7,4,58,38,73
10P,7,6,65,36,77
10P,7,8,72,33,82
10P,7,10,80,30,88
10P,7,12,87,27,93
10P,7,14,96,24,99
10P,7,16,105,21,105
10P,7,18,114,17,112
10P,7,20,124,14,119
10P,7,22,135,10,127
2.5RP,7,2,52,40,67
2.5RP,7,4,60,38,70
2.5RP,7,6,69,35,73
2.5RP,7,8,78,32,76
2.5RP,7,10,87,29,79
2.5RP,7,12,96,26,82
2.5RP,7,14,106,22,86
2.5RP,7,16,118,19,90
2.5RP,7,18,129,15,95
2.5RP,7,20,142,10,100
5RP,7,2,53,40,66
5RP,7,4,62,38,67
5RP,7,6,72,34,67
5RP,7,8,83,31,68
5RP,7,10,93,28,69
5RP,7,12,105,24,71
5RP,7,14,117,21,72
5RP,7,16,130,17,74
5RP,7,18,143,13,75
7.5RP,7,2,54,40,65
7.5RP,7,4,63,37,64
7.5RP,7,6,75,34,64
7.5RP,7,8,86,31,63
7.5RP,7,10,96,28,63
7.5RP,7,12,110,24,63
7.5RP,7,14,123,20,63
7.5RP,7,16,136,16,63
10RP,8,2,71,56,88
10RP,8,4,86,52,85
10RP,8,6,100,48,82
10RP,8,8,116,43,80
10RP,8,10,131,39,78
2.5R,8,2,72,56,87
2.5R,8,4,87,52,82
2.5R,8,6,102,48,78
2.5R,8,8,118,43,74
2.5R,8,10,134,39,71
5R,8,2,72,56,86
5R,8,4,88,51,79
5R,8,6,103,48,74
5R,8,8,120,43,69
5R,8,10,136,39,64
7.5R,8,2,73,56,84
7.5R,8,4,89,51,76
7.5R,8,6,105,48,69
7.5R,8,8,121,43,63
7.5R,8,10,137,39,57
10R,8,2,73,56,83
10R,8,4,90,52,73
10R,8,6,105,48,64
10R,8,8,120,45,57
10R,8,10,133,41,50
2.5YR,8,2,74,56,81
2.5YR,8,4,90,52,69
2.5YR,8,6,103,49,60
2.5YR,8,8,117,46,52
2.5YR,8,10,128,43,45
2.5YR,8,12,141,40,38
5YR,8,2,74,56,78
5YR,8,4,87,53,66
5YR,8,6,99,51,56
5YR,8,8,111,48,47
5YR,8,10,121,46,40
5YR,8,12,131,43,33
5YR,8,14,139,42,28
7.5YR,8,2,74,56,76
7.5YR,8,4,85,54,63
7.5YR,8,6,95,52,53
7.5YR,8,8,105,50,44
7.5YR,8,10,113,48,37
7.5YR,8,12,121,47,30
7.5YR,8,14,127,45,26
7.5YR,8,16,132,44,22
7.5YR,8,18,136,44,19
7.5YR,8,20,138,43,18
10YR,8,2,73,57,73
10YR,8,4,82,55,61
10YR,8,6,90,54,50
10YR,8,8,98,53,41
10YR,8,10,104,51,34
10YR,8,12,110,50,28
10YR,8,14,115,49,23
10YR,8,16,119,48,20
10YR,8,18,121,48,18
10YR,8,20,123,48,17
2.5Y,8,2,71,58,72
2.5Y,8,4,78,57,59
2.5Y,8,6,84,56,47
2.5Y,8,8,90,55,39
2.5Y,8,10,96,54,32
2.5Y,8,12,100,53,26
2.5Y,8,14,104,53,22
2.5Y,8,16,106,52,19
2.5Y,8,18,108,52,17
2.5Y,8,20,109,52,16
5Y,8,2,69,58,71
5Y,8,4,73,58,57
5Y,8,6,78,58,46
5Y,8,8,82,58,37
5Y,8,10,85,57,30
5Y,8,12,88,57,24
5Y,8,14,90,57,21
5Y,8,16,92,57,18
5Y,8,18,92,57,17
7.5Y,8,2,67,59,70
7.5Y,8,4,70,59,56
7.5Y,8,6,73,60,45
7.5Y,8,8,75,60,36
7.5Y,8,10,77,60,29
7.5Y,8,12,79,60,24
7.5Y,8,14,81,60,20
7.5Y,8,16,82,60,18
7.5Y,8,18,82,60,16
10Y,8,2,65,59,70
10Y,8,4,67,60,56
10Y,8,6,69,61,45
10Y,8,8,70,61,36
10Y,8,10,71,62,29
10Y,8,12,72,62,23
10Y,8,14,72,62,20
10Y,8,16,72,63,17
10Y,8,18,72,63,16
2.5GY,8,2,63,60,70
2.5GY,8,4,63,61,57
2.5GY,8,6,62,63,46
2.5GY,8,8,62,64,37
2.5GY,8,10,61,65,30
2.5GY,8,12,61,65,24
2.5GY,8,14,60,66,20
2.5GY,8,16,60,66,17
2.5GY,8,18,60,66,16
5GY,8,2,61,60,72
5GY,8,4,59,62,59
5GY,8,6,57,64,48
5GY,8,8,54,66,39
5GY,8,10,52,67,32
5GY,8,12,49,69,26
5GY,8,14,47,70,21
5GY,8,16,46,70,18
5GY,8,18,45,71,16
5GY,8,20,45,71,15
7.5GY,8,2,57,61,75
7.5GY,8,4,51,64,63
7.5GY,8,6,46,67,54
7.5GY,8,8,42,69,45
7.5GY,8,10,37,71,38
7.5GY,8,12,33,73,31
7.5GY,8,14,28,75,26
7.5GY,8,16,24,76,21
7.5GY,8,18,21,78,18
7.5GY,8,20,19,78,16
10GY,8,2,53,62,77
10GY,8,4,46,65,68
10GY,8,6,39,68,59
10GY,8,8,33,71,52
10GY,8,10,26,73,45
10GY,8,12,19,76,39
10GY,8,14,13,78,34
10GY,8,16,7,81,30
10GY,8,18,1,83,26
10GY,8,20,0,85,22
10GY,8,22,0,87,20
10GY,8,24,0,88,17
2.5G,8,2,51,63,81
2.5G,8,4,42,66,74
2.5G,8,6,32,69,67
2.5G,8,8,24,72,62
2.5G,8,10,16,75,56
2.5G,8,12,8,78,52
2.5G,8,14,0,81,48
2.5G,8,16,0,83,44
2.5G,8,18,0,86,40
2.5G,8,20,0,88,38
2.5G,8,22,0,90,35
2.5G,8,24,0,92,33
5G,8,2,49,63,83
5G,8,4,39,66,78
5G,8,6,28,70,74
5G,8,8,19,73,70
5G,8,10,9,76,67
5G,8,12,0,79,64
5G,8,14,0,82,62
5G,8,16,0,85,59
5G,8,18,0,87,58
5G,8,20,0,90,56
5G,8,22,0,92,55
7.5G,8,2,49,63,85
7.5G,8,4,37,66,81
7.5G,8,6,26,70,78
7.5G,8,8,16,73,76
7.5G,8,10,7,76,73
7.5G,8,12,0,80,71
7.5G,8,14,0,82,69
7.5G,8,16,0,85,68
7.5G,8,18,0,87,66
7.5G,8,20,0,90,65
10G,8,2,48,63,87
10G,8,4,36,66,84
10G,8,6,25,70,83
10G,8,8,14,73,81
10G,8,10,4,76,80
10G,8,12,0,80,79
10G,8,14,0,82,78
10G,8,16,0,85,77
10G,8,18,0,88,76
10G,8,20,0,90,75
2.5BG,8,2,48,63,88
2.5BG,8,4,35,66,87
2.5BG,8,6,24,70,87
2.5BG,8,8,13,73,86
2.5BG,8,10,2,76,86
2.5BG,8,12,0,80,86
2.5BG,8,14,0,82,87
2.5BG,8,16,0,85,87
2.5BG,8,18,0,88,88
5BG,8,2,48,63,90
5BG,8,4,35,66,91
5BG,8,6,23,70,92
5BG,8,8,11,73,94
5BG,8,10,0,76,95
5BG,8,12,0,79,97
5BG,8,14,0,82,98
5BG,8,16,0,85,100
7.5BG,8,2,48,62,92
7.5BG,8,4,35,66,95
7.5BG,8,6,21,69,99
7.5BG,8,8,10,73,102
7.5BG,8,10,0,76,105
7.5BG,8,12,0,79,109
7.5BG,8,14,0,82,112
7.5BG,8,16,0,84,115
10BG,8,2,49,62,94
10BG,8,4,35,65,99
10BG,8,6,22,69,104
10BG,8,8,9,72,110
10BG,8,10,0,75,115
10BG,8,12,0,78,121
10BG,8,14,0,81,127
2.5B,8,2,50,61,95
2.5B,8,4,35,65,102
2.5B,8,6,22,68,110
2.5B,8,8,9,71,118
2.5B,8,10,0,74,127
2.5B,8,12,0,77,137
5B,8,2,52,61,96
5B,8,4,38,64,106
5B,8,6,25,67,116
5B,8,8,11,69,128
7.5B,8,2,53,60,97
7.5B,8,4,40,63,108
7.5B,8,6,28,65,120
7.5B,8,8,15,68,134
10B,8,2,55,60,97
10B,8,4,44,62,109
10B,8,6,33,63,123
10B,8,8,21,65,139
2.5PB,8,2,57,59,98
2.5PB,8,4,48,60,110
2.5PB,8,6,39,61,125
5PB,8,2,58,59,98
5PB,8,4,52,59,111
5PB,8,6,45,60,126
7.5PB,8,2,61,58,97
7.5PB,8,4,57,58,110
7.5PB,8,6,53,57,126
10PB,8,2,62,57,97
10PB,8,4,62,56,109
10PB,8,6,61,55,124
10PB,8,8,61,54,141
2.5P,8,2,64,57,96
2.5P,8,4,65,55,108
2.5P,8,6,67,54,120
2.5P,8,8,69,52,135
5P,8,2,65,57,96
5P,8,4,68,55,106
5P,8,6,72,53,116
5P,8,8,77,50,129
5P,8,10,82,47,141
7.5P,8,2,67,56,94
7.5P,8,4,74,54,101
7.5P,8,6,80,51,108
7.5P,8,8,89,47,118
7.5P,8,10,97,44,126
7.5P,8,12,105,41,136
10P,8,2,68,56,93
10P,8,4,77,53,98
10P,8,6,86,50,104
10P,8,8,96,46,110
10P,8,10,106,42,117
10P,8,12,116,39,124
10P,8,14,128,34,132
2.5RP,8,2,69,56,91
2.5RP,8,4,79,53,94
2.5RP,8,6,91,49,98
2.5RP,8,8,103,45,102
2.5RP,8,10,115,41,105
2.5RP,8,12,128,37,110
2.5RP,8,14,142,32,115
5RP,8,2,70,56,90
5RP,8,4,82,52,91
5RP,8,6,95,48,92
5RP,8,8,110,44,93
5RP,8,10,123,40,94
5RP,8,12,139,35,96
7.5RP,8,2,71,56,89
7.5RP,8,4,84,52,88
7.5RP,8,6,98,48,87
7.5RP,8,8,113,43,86
7.5RP,8,10,127,39,86
7.5RP,8,12,145,34,86
10RP,9,2,93,74,117
10RP,9,4,112,69,113
10RP,9,6,132,64,109
2.5R,9,2,93,75,116
2.5R,9,4,114,69,110
2.5R,9,6,134,64,104
5R,9,2,95,74,114
5R,9,4,116,69,106
5R,9,6,136,64,98
7.5R,9,2,96,74,112
7.5R,9,4,117,69,101
7.5R,9,6,137,64,92
10R,9,2,96,74,111
10R,9,4,118,69,97
10R,9,6,137,65,86
2.5YR,9,2,97,74,108
2.5YR,9,4,117,70,93
2.5YR,9,6,134,66,81
5YR,9,2,97,74,104
5YR,9,4,114,71,88
5YR,9,6,129,68,76
7.5YR,9,2,97,75,101
7.5YR,9,4,111,72,85
7.5YR,9,6,123,70,72
7.5YR,9,8,135,68,60
10YR,9,2,95,76,98
10YR,9,4,107,74,81
10YR,9,6,117,72,68
10YR,9,8,126,71,56
2.5Y,9,2,93,77,96
2.5Y,9,4,101,76,79
2.5Y,9,6,110,75,65
2.5Y,9,8,117,74,54
2.5Y,9,10,123,73,45
2.5Y,9,12,129,72,38
5Y,9,2,90,77,95
5Y,9,4,96,78,77
5Y,9,6,101,77,63
5Y,9,8,106,77,52
5Y,9,10,110,77,43
5Y,9,12,113,77,35
5Y,9,14,116,76,30
5Y,9,16,118,76,26
5Y,9,18,120,76,23
5Y,9,20,121,76,22
7.5Y,9,2,88,78,94
7.5Y,9,4,92,79,77
7.5Y,9,6,96,79,62
7.5Y,9,8,99,79,51
7.5Y,9,10,101,80,42
7.5Y,9,12,104,80,34
7.5Y,9,14,106,80,29
7.5Y,9,16,107,80,25
7.5Y,9,18,108,80,23
10Y,9,2,86,79,94
10Y,9,4,89,80,77
10Y,9,6,91,81,62
10Y,9,8,92,81,50
10Y,9,10,93,82,41
10Y,9,12,94,82,34
10Y,9,14,95,83,29
10Y,9,16,96,83,25
10Y,9,18,96,83,22
2.5GY,9,2,84,79,94
2.5GY,9,4,84,81,77
2.5GY,9,6,83,83,63
2.5GY,9,8,83,84,51
2.5GY,9,10,82,85,42
2.5GY,9,12,81,86,34
2.5GY,9,14,80,87,29
2.5GY,9,16,80,88,25
2.5GY,9,18,80,88,22
5GY,9,2,81,80,96
5GY,9,4,79,82,79
5GY,9,6,76,85,65
5GY,9,8,73,87,54
5GY,9,10,71,88,44
5GY,9,12,68,90,36
5GY,9,14,66,91,30
5GY,9,16,63,92,26
5GY,9,18,62,93,23
7.5GY,9,2,75,81,99
7.5GY,9,4,69,85,85
7.5GY,9,6,63,88,71
7.5GY,9,8,57,91,61
7.5GY,9,10,52,93,51
7.5GY,9,12,46,96,43
7.5GY,9,14,41,98,37
7.5GY,9,16,36,100,31
7.5GY,9,18,32,102,26
10GY,9,2,71,82,103
10GY,9,4,62,86,91
10GY,9,6,52,90,79
10GY,9,8,45,94,70
10GY,9,10,36,97,61
10GY,9,12,29,100,54
10GY,9,14,21,103,48
10GY,9,16,13,106,42
10GY,9,18,6,109,37
2.5G,9,2,68,83,107
2.5G,9,4,56,87,98
2.5G,9,6,44,92,89
2.5G,9,8,33,96,82
2.5G,9,10,23,99,75
2.5G,9,12,14,103,70
2.5G,9,14,5,106,64
2.5G,9,16,0,109,59
5G,9,2,66,83,110
5G,9,4,52,88,104
5G,9,6,38,93,98
5G,9,8,26,97,93
5G,9,10,15,101,89
5G,9,12,3,104,85
7.5G,9,2,65,83,113
7.5G,9,4,50,88,108
7.5G,9,6,35,93,104
7.5G,9,8,23,97,100
7.5G,9,10,11,101,97
7.5G,9,12,0,105,94
10G,9,2,65,83,115
10G,9,4,49,88,112
10G,9,6,33,93,110
10G,9,8,20,97,107
10G,9,10,8,101,106
10G,9,12,0,105,104
2.5BG,9,2,64,83,117
2.5BG,9,4,48,88,116
2.5BG,9,6,32,93,115
2.5BG,9,8,17,97,114
2.5BG,9,10,5,101,114
5BG,9,2,64,83,119
5BG,9,4,47,88,120
5BG,9,6,30,93,121
5BG,9,8,15,97,123
5BG,9,10,2,101,124
7.5BG,9,2,64,82,122
7.5BG,9,4,47,87,126
7.5BG,9,6,29,92,129
7.5BG,9,8,13,97,134
7.5BG,9,10,0,100,137
10BG,9,2,65,82,124
10BG,9,4,47,87,130
10BG,9,6,29,92,137
2.5B,9,2,67,81,126
2.5B,9,4,48,86,135
5B,9,2,69,81,127
5B,9,4,50,85,140
7.5B,9,2,72,80,128
7.5B,9,4,53,84,143
10B,9,2,73,79,128
10B,9,4,57,82,145
2.5PB,9,2,76,78,128
5PB,9,2,78,78,128
7.5PB,9,2,81,77,128
10PB,9,2,83,76,127
10PB,9,4,82,75,145
2.5P,9,2,84,76,127
2.5P,9,4,86,74,142
5P,9,2,85,76,126
5P,9,4,90,73,141
7.5P,9,2,88,75,124
7.5P,9,4,98,71,134
7.5P,9,6,107,68,144
10P,9,2,89,75,123
10P,9,4,102,71,129
10P,9,6,114,66,137
2.5RP,9,2,91,75,121
2.5RP,9,4,105,70,125
2.5RP,9,6,120,65,129
5RP,9,2,92,75,119
5RP,9,4,108,70,120
5RP,9,6,125,64,121
7.5RP,9,2,93,74,118
7.5RP,9,4,110,69,117
7.5RP,9,6,129,64,115
